{"schemaVersion":4,"source":{"uri":"models/minecraft_boat.glb","sha256":"b14ef22a520ec73743e84676e85b4c4f0decb7ffb1079acf8b41966c64f2021c"},"animationNames":[],"boundingBox":{"min":{"x":-0.6495980024337769,"y":-0.044321000576019405,"z":-0.7742400169372559},"max":{"x":0.45564499497413635,"y":0.4580659866333007,"z":0.6345469951629639}},"nodeNames":["Sketchfab_model","e2571acb63c14e6d8ecf0c468ca7d460.obj.cleaner.materialmerger.gles","Object_2","Object_3","Object_4"],"trimesh":{"vertices":[0.4870384931564331,-0.14656849205493927,-0.27102547883987427,-0.4887405037879944,-0.14656849205493927,-0.27102547883987427,-0.4887405037879944,-0.14656849205493927,0.3119705319404602,0.4870384931564331,-0.14656849205493927,0.3119705319404602,0.4870384931564331,-0.21827149391174316,0.3119705319404602,0.4870384931564331,-0.14656849205493927,0.3119705319404602,-0.4887405037879944,-0.14656849205493927,0.3119705319404602,-0.4887405037879944,-0.21827149391174316,0.3119705319404602,-0.4887405037879944,-0.21827149391174316,0.3119705319404602,-0.4887405037879944,-0.14656849205493927,0.3119705319404602,-0.4887405037879944,-0.14656849205493927,-0.27102547883987427,-0.4887405037879944,-0.21827149391174316,-0.27102547883987427,-0.4887405037879944,-0.21827149391174316,-0.27102547883987427,0.4870384931564331,-0.21827149391174316,-0.27102547883987427,0.4870384931564331,-0.21827149391174316,0.3119705319404602,-0.4887405037879944,-0.21827149391174316,0.3119705319404602,0.4870384931564331,-0.21827149391174316,-0.27102547883987427,0.4870384931564331,-0.14656849205493927,-0.27102547883987427,0.4870384931564331,-0.14656849205493927,0.3119705319404602,0.4870384931564331,-0.21827149391174316,0.3119705319404602,-0.4887405037879944,-0.21827149391174316,-0.27102547883987427,-0.4887405037879944,-0.14656849205493927,-0.27102547883987427,0.4870384931564331,-0.14656849205493927,-0.27102547883987427,0.4870384931564331,-0.21827149391174316,-0.27102547883987427,-0.5526214838027954,-0.14656849205493927,0.3119705319404602,-0.5526214838027954,-0.14656849205493927,-0.27102547883987427,-0.5526214838027954,0.07049250602722168,-0.27102547883987427,-0.5526214838027954,0.07049250602722168,0.3119705319404602,0.4870384931564331,-0.14656849205493927,0.3119705319404602,0.4870384931564331,-0.14656849205493927,0.3749445080757141,0.4870384931564331,0.07049250602722168,0.3749445080757141,0.4870384931564331,0.07049250602722168,0.3119705319404602,0.4870384931564331,-0.14656849205493927,0.3749445080757141,-0.4887405037879944,-0.14656849205493927,0.3749445080757141,-0.4887405037879944,0.07049250602722168,0.3749445080757141,0.4870384931564331,0.07049250602722168,0.3749445080757141,0.4870384931564331,-0.14656849205493927,-0.27102547883987427,-0.4887405037879944,-0.14656849205493927,-0.27102547883987427,-0.4887405037879944,0.07049250602722168,-0.27102547883987427,0.4870384931564331,0.07049250602722168,-0.27102547883987427,-0.4887405037879944,0.07049250602722168,-0.27102547883987427,-0.4887405037879944,0.07049250602722168,0.3119705319404602,-0.5526214838027954,0.07049250602722168,0.3119705319404602,-0.5526214838027954,0.07049250602722168,-0.27102547883987427,0.4870384931564331,0.07049250602722168,-0.27102547883987427,-0.4887405037879944,0.07049250602722168,-0.27102547883987427,-0.4887405037879944,0.07049250602722168,-0.33594247698783875,0.4870384931564331,0.07049250602722168,-0.33594247698783875,-0.4887405037879944,0.07049250602722168,0.3119705319404602,0.4870384931564331,0.07049250602722168,0.3119705319404602,0.4870384931564331,0.07049250602722168,0.3749445080757141,-0.4887405037879944,0.07049250602722168,0.3749445080757141,0.4870384931564331,0.07049250602722168,0.3119705319404602,0.4870384931564331,0.07049250602722168,-0.27102547883987427,0.5526214838027954,0.07049250602722168,-0.27102547883987427,0.5526214838027954,0.07049250602722168,0.3119705319404602,-0.4887405037879944,-0.14656849205493927,0.3749445080757141,-0.4887405037879944,-0.14656849205493927,0.3119705319404602,-0.4887405037879944,0.07049250602722168,0.3119705319404602,-0.4887405037879944,0.07049250602722168,0.3749445080757141,-0.4887405037879944,-0.14656849205493927,0.3119705319404602,-0.5526214838027954,-0.14656849205493927,0.3119705319404602,-0.5526214838027954,0.07049250602722168,0.3119705319404602,-0.4887405037879944,0.07049250602722168,0.3119705319404602,-0.4887405037879944,-0.14656849205493927,0.3119705319404602,0.4870384931564331,-0.14656849205493927,0.3119705319404602,0.4870384931564331,0.07049250602722168,0.3119705319404602,-0.4887405037879944,0.07049250602722168,0.3119705319404602,0.5526214838027954,-0.14656849205493927,-0.27102547883987427,0.5526214838027954,-0.14656849205493927,0.3119705319404602,0.5526214838027954,0.07049250602722168,0.3119705319404602,0.5526214838027954,0.07049250602722168,-0.27102547883987427,-0.5526214838027954,-0.14656849205493927,-0.27102547883987427,-0.4887405037879944,-0.14656849205493927,-0.27102547883987427,-0.4887405037879944,0.07049250602722168,-0.27102547883987427,-0.5526214838027954,0.07049250602722168,-0.27102547883987427,0.4870384931564331,-0.14656849205493927,0.3119705319404602,0.4870384931564331,-0.14656849205493927,-0.27102547883987427,0.4870384931564331,0.07049250602722168,-0.27102547883987427,0.4870384931564331,0.07049250602722168,0.3119705319404602,0.4870384931564331,-0.14656849205493927,-0.27102547883987427,0.5526214838027954,-0.14656849205493927,-0.27102547883987427,0.5526214838027954,0.07049250602722168,-0.27102547883987427,0.4870384931564331,0.07049250602722168,-0.27102547883987427,-0.4887405037879944,-0.14656849205493927,-0.33594247698783875,0.4870384931564331,-0.14656849205493927,-0.33594247698783875,0.4870384931564331,0.07049250602722168,-0.33594247698783875,-0.4887405037879944,0.07049250602722168,-0.33594247698783875,0.5526214838027954,-0.14656849205493927,0.3119705319404602,0.4870384931564331,-0.14656849205493927,0.3119705319404602,0.4870384931564331,0.07049250602722168,0.3119705319404602,0.5526214838027954,0.07049250602722168,0.3119705319404602,-0.4887405037879944,-0.14656849205493927,-0.27102547883987427,-0.4887405037879944,-0.14656849205493927,-0.33594247698783875,-0.4887405037879944,0.07049250602722168,-0.33594247698783875,-0.4887405037879944,0.07049250602722168,-0.27102547883987427,-0.4887405037879944,-0.14656849205493927,-0.27102547883987427,-0.4887405037879944,-0.14656849205493927,0.3119705319404602,-0.4887405037879944,0.07049250602722168,0.3119705319404602,-0.4887405037879944,0.07049250602722168,-0.27102547883987427,0.4870384931564331,-0.14656849205493927,-0.33594247698783875,0.4870384931564331,-0.14656849205493927,-0.27102547883987427,0.4870384931564331,0.07049250602722168,-0.27102547883987427,0.4870384931564331,0.07049250602722168,-0.33594247698783875,-0.4887405037879944,-0.14656849205493927,0.3119705319404602,-0.4887405037879944,-0.14656849205493927,-0.27102547883987427,-0.5526214838027954,-0.14656849205493927,-0.27102547883987427,-0.5526214838027954,-0.14656849205493927,0.3119705319404602,0.4870384931564331,-0.14656849205493927,0.3119705319404602,-0.4887405037879944,-0.14656849205493927,0.3119705319404602,-0.4887405037879944,-0.14656849205493927,0.3749445080757141,0.4870384931564331,-0.14656849205493927,0.3749445080757141,0.5526214838027954,-0.14656849205493927,0.3119705319404602,0.5526214838027954,-0.14656849205493927,-0.27102547883987427,0.4870384931564331,-0.14656849205493927,-0.27102547883987427,0.4870384931564331,-0.14656849205493927,0.3119705319404602,0.4870384931564331,-0.14656849205493927,-0.27102547883987427,0.4870384931564331,-0.14656849205493927,-0.33594247698783875,-0.4887405037879944,-0.14656849205493927,-0.33594247698783875,-0.4887405037879944,-0.14656849205493927,-0.27102547883987427,-0.01697949320077896,-0.10408249497413635,0.5207874774932861,-0.035161495208740234,-0.1663844883441925,0.5706124901771545,-0.06416749954223633,-0.16979649662971497,0.5588905215263367,-0.04598549008369446,-0.10749348998069763,0.5090655088424683,-0.035161495208740234,-0.1663844883441925,